{"cameraMode":{"drawMode":0,"name":"Shaded","section":"Shading Mode"},"sceneLighting":true,"audioPlay":false,"sceneViewState":{"m_AlwaysRefresh":false,"showFog":true,"showSkybox":true,"showFlares":true,"showImageEffects":true,"showParticleSystems":true,"showVisualEffectGraphs":true,"m_FxEnabled":true},"in2DMode":false,"pivot":{"x":-0.13170647621154786,"y":0.026651501655578615,"z":0.24195730686187745},"rotation":{"x":0.15558882057666779,"y":0.46734264492988589,"z":-0.08392314612865448,"w":0.86631178855896},"size":1.5817546844482422,"orthographic":false}